<?xml version="1.0" encoding="UTF-8"?>
<addon id="plugin.video.urcommunity" version="0.0.1" name="urcommunity" provider-name="TheYid">
    <requires>
        <import addon="xbmc.python" version="1.0"/>
        <import addon="script.module.t0mm0.common" version="0.0.1"/>
        <import addon="script.module.urlresolver" version="0.0.1"/>
    </requires>
    <extension point="xbmc.python.pluginsource" library="default.py">
        <provides>video</provides>
    </extension>
    <extension point="xbmc.addon.metadata">
        <summary>Browse urcommunity</summary>
        <description>Play a wide selection of movies and Tv shows from urcommunity</description>
        <platform>all</platform>
    </extension>
</addon>
