<?xml version="1.0" encoding="UTF-8"?>
<addon id="plugin.video.source-movie" version="0.0.1" name="Source Movies" provider-name="TheYid">
    <requires>
        <import addon="xbmc.python" version="1.0"/>
        <import addon="script.module.t0mm0.common" version="0.0.1"/>
        <import addon="script.module.urlresolver" version="0.0.1"/>
    </requires>
    <extension point="xbmc.python.pluginsource" library="default.py">
        <provides>video</provides>
    </extension>
    <extension point="xbmc.addon.metadata">
        <summary>Stream scene releases movies</summary>
        <description>Stream a wide selection of movies from Source Movies...... Real-Debrid ONLY</description>
        <platform>all</platform>
    </extension>
</addon>
